{
  "project_info": {
    "project_number": "467958055598",
    "firebase_url": "https://miniproject8-iot-63fb5.firebaseio.com",
    "project_id": "miniproject8-iot-63fb5",
    "storage_bucket": "miniproject8-iot-63fb5.appspot.com"
  },
  "client": [
    {
      "client_info": {
        "mobilesdk_app_id": "1:467958055598:android:c4a0d4ea4c9ebdd574e33f",
        "android_client_info": {
          "package_name": "com.example.esp8266firebase"
        }
      },
      "oauth_client": [
        {
          "client_id": "467958055598-63n4pgj6507e829psbj2ogu8iv2ern04.apps.googleusercontent.com",
          "client_type": 1,
          "android_info": {
            "package_name": "com.example.esp8266firebase",
            "certificate_hash": "3039ee3f8aa5ec566e1d7cc0a3b2bb9d7f0cff3c"
          }
        },
        {
          "client_id": "467958055598-ini2it1e0sbsemfak4377qv40ms27rs5.apps.googleusercontent.com",
          "client_type": 3
        }
      ],
      "api_key": [
        {
          "current_key": "AIzaSyDzeGqgNy97aRM52gQnmr0vDySAwcaDK2M"
        }
      ],
      "services": {
        "appinvite_service": {
          "other_platform_oauth_client": [
            {
              "client_id": "467958055598-ini2it1e0sbsemfak4377qv40ms27rs5.apps.googleusercontent.com",
              "client_type": 3
            }
          ]
        }
      }
    }
  ],
  "configuration_version": "1"
}